phase,seed,choice,workers,adult_losses,brood_losses,protection_workers,protection_worker_seconds,rejection_worker_seconds,recognition_share,nutrition_stall_seconds,care_stall_seconds,rechecks,clearing_seconds,recognition_expressed_at,save_valid,carbohydrate,protein,water
before,3030,baseline,172,2,2,6,19980.0,169.0,0.0,75.0,0.0,113,42.25,,True,59.95129,149.4662,134.47148
before,3030,security,172,2,2,7,22050.0,169.0,0.46512000000000003,75.0,0.0,113,42.25,1530.0,True,45.95142,133.4662,126.47148
before,3030,tolerance,172,2,2,5,17910.0,169.0,-0.46512000000000003,75.0,0.0,113,42.25,1530.0,True,45.95142,133.4662,126.47148
before,3043,baseline,188,2,2,6,20760.0,169.0,0.0,0.0,0.0,112,42.25,,True,58.11531,142.43828,133.94122
before,3043,security,188,2,2,7,23070.0,163.0,0.5478700000000001,0.0,0.0,112,40.75,1290.0,True,44.11531,126.43828,125.94122
before,3043,tolerance,187,2,3,5,18450.0,199.0,-0.5508000000000001,0.0,0.0,112,49.75,1290.0,True,44.11526,126.44523,125.94402
before,482817,baseline,123,2,3,6,20760.0,240.0,0.0,490.25,0.0,84,60.0,,True,111.46572,119.0597,113.89967
before,482817,security,123,2,3,7,21590.0,240.0,0.26016,490.25,0.0,84,60.0,2770.0,True,97.46572,103.0597,105.89967
before,482817,tolerance,123,2,3,5,19930.0,240.0,-0.26016,490.25,0.0,84,60.0,2770.0,True,97.46572,103.0597,105.89967
after,3030,baseline,168,2,7,6,19980.0,509.0,0.0,75.0,0.0,113,42.25|42.5|42.5,,True,64.63735,150.87381,136.85008
after,3030,security,170,2,5,7,22050.0,550.0,0.45882000000000006,75.0,0.0,113,42.25|34.25|31.25|29.75,1530.0,True,49.82461,134.6254,128.43264
after,3030,tolerance,166,2,8,5,17910.0,598.0,-0.44578,75.0,0.0,113,42.25|51.25|56.0,1530.0,True,50.50203,134.83325,128.80298
after,3043,baseline,183,2,7,6,20760.0,509.0,0.0,0.0,0.0,112,42.25|42.5|42.5,,True,59.56236,142.89555,134.67087
after,3043,security,185,2,5,7,23070.0,534.0,0.54054,0.0,0.0,112,40.75|32.75|30.75|29.25,1290.0,True,45.00646,126.7222,126.39101
after,3043,tolerance,181,2,9,5,18450.0,642.0,-0.53591,0.0,0.0,112,49.75|54.0|56.75,1290.0,True,47.07856,127.36878,127.43394
after,482817,baseline,119,2,7,6,20760.0,579.0,0.0,490.25,0.0,84,60.0|42.25|42.5,,True,116.48445,120.61411,116.46897
after,482817,security,120,2,6,7,21590.0,546.0,0.25833,490.25,0.0,84,60.0|42.25|34.25,2770.0,True,101.48968,104.3038,107.96208
after,482817,tolerance,118,2,8,5,19930.0,614.0,-0.24576000000000003,490.25,0.0,84,60.0|42.25|51.25,2770.0,True,102.80165,104.71929,108.64117
